Title,URL,Description
Ai Đang Thực Sự Trong Cuộc Đua Quyền Lực?,https://www.youtube.com/watch?v=Uu31mqyt2Zk,"... ai làm Thủ tướng, mà là câu hỏi lớn hơn: Việt Nam sẽ ưu tiên điều gì trong giai đoạn nhiều biến động phía trước? Mời quý vị cùng theo dõi và ..."
"Tin thế giới: Ông Attal từ chức, Pháp 'đấu súng' nghẹt thở giữa ...",https://www.youtube.com/watch?v=HHdj4x7RF3s,... ai làm Thủ tướng. Tham gia làm hội viên của kênh để được hưởng đặc quyền: https://www.youtube.com/channel/UClYUCB6tyZl50_7OcbgUHCA/join VẤN ...
HOUSTON P1 23/3/2026: Đúng như dự đoán TT Trump: Iran ...,https://www.youtube.com/watch?v=-eatfzCXA-E,"HOUSTON P1 23/3/2026: Đúng như dự đoán TT Trump: Iran rơi vào ... Nội Bộ Iran Chia Rẽ, Thanh Trừng Lẫn Nhau? Đàm Quân Sự•5K watching · 4 ..."
TIN CẬP NHẬT 23/3/2026: TT Trump: Iran muốn có thỏa thuận ...,https://www.youtube.com/watch?v=GQ3bQ-tGC7I,"TIN CẬP NHẬT 23/3/2026: TT Trump: Iran muốn có thỏa thuận để chấm ... Nội Bộ Iran Chia Rẽ, Thanh Trừng Lẫn Nhau? Đàm Quân Sự. New. 47K views."
Live 24-03 (Sáng): Kế Ly Gián Của TT Trump Khiến Nội Bộ ...,https://www.youtube.com/watch?v=n59FWQsDtRc,"Live 24-03 (Sáng): Kế Ly Gián Của TT Trump Khiến Nội Bộ Iran Chia Rẽ, Thanh Trừng Lẫn Nhau? mỹ trump nga ukraine putin chiến sự tại ukraine ..."
"ĐẠI THANH TRỪNG NĂM 2026: KHI ""VỊ TƯỚNG CUỐI CÙNG ...",https://www.youtube.com/watch?v=0OQGkKRApyU,"ĐẠI THANH TRỪNG NĂM 2026: KHI ""VỊ TƯỚNG CUỐI CÙNG"" TRỞ THÀNH KẺ PHẢN ... Mỹ bổ sung Lực lượng hùng hậu, sẵn sàng đổ bộ Iran. Tên lửa ..."
TIN HOA KỲ VÀ VN 16/3/2026,https://www.youtube.com/watch?v=RXXjB-K1fwY,"... Đàm Quân Sự · Live 24-03 (Sáng): Kế Ly Gián Của TT Trump Khiến Nội Bộ Iran Chia Rẽ, Thanh Trừng Lẫn Nhau? Đàm Quân Sự•4.9K watching · 3:41."
"Trong bóng tối của quyền lực : Thanh trừng, hồ sơ đen và nỗi ...",https://www.youtube.com/watch?v=xxlS3KfHkS4,"Từ cuộc thanh trừng chưa từng có trong quân đội Trung Quốc, vụ Epstein tiếp tục gây địa chấn chính trị tại Hoa Kỳ, đến những lo ngại ngày ..."
"Cuộc thanh trừng mạnh tay của Trung Quốc, 10 lãnh đạo cấp ...",https://www.youtube.com/watch?v=9SBMJvZhAq4,"... 2026, tính đến cuối tháng 1-2026, cơ quan chức năng Trung Quốc ... thanh trừng mạnh tay của Trung Quốc, 10 lãnh đạo cấp cao bị xử trong ..."
Phỏng Vấn Ứng Viên Quốc Hội Hoa Kỳ 2026 Trinh ...,https://www.youtube.com/watch?v=jygPAhjl_Kk,"Go to channel Đàm Quân Sự · Live 24-03 (Sáng): Kế Ly Gián Của TT Trump Khiến Nội Bộ Iran Chia Rẽ, Thanh Trừng Lẫn Nhau? Đàm Quân Sự•4.5K ..."
ĐIỂM NÓNG QUỐC TẾ 24/7: HEZBOLLA TUYÊN CHIẾN VỚI ...,https://www.youtube.com/watch?v=8jCXQyJR03Y,ĐIỂM NÓNG QUỐC TẾ 24/7: HEZBOLLA TUYÊN CHIẾN VỚI MỸ - TRUNG QUỐC ĐẠI THANH TRỪNG 2026 | TIN QUỐC TẾ Tiêu điểm nóng 24h tổng hợp những tin ...
Cuộc đại thanh trừng lao động phổ thông bắt đầu?,https://www.youtube.com/watch?v=QjulJJsXyvk,Thị trường lao động 2026: Cuộc đại thanh trừng lao động phổ thông bắt đầu? · Comments.
"Tổng Bí thư, Chủ tịch nước Tô Lâm",https://www.youtube.com/playlist?list=PLRjDaJAUhN8C_C5IwRN02AHieHvMeDtRf,DI SẢN 'THÂU TÓM QUYỀN LỰC' CỦA NGUYỄN PHÚ TRỌNG RA SAO DƯỚI THỜI TÔ LÂM? BBC News Tiếng Việt · 10:40 · TINH GỌN BỘ MÁY: PHÉP THỬ CHO TỔNG BÍ THƯ TÔ LÂM TRƯỚC ...
Âm mưu của Tô Tổng chủ,https://www.youtube.com/watch?v=g9D8cqN6Ldk,"Điều đó có nghĩa, việc “thâu tóm quyền lực” cho đến Đại hội 14 diễn ra vào năm 2026 của ông Tô Lâm sẽ khó thực hiện. #ViệtNam #quyềnlực ..."
Tân HLV Troussier dẫn dắt Việt Nam vì mục tiêu dự WC 2026 ...,https://www.youtube.com/watch?v=iUkpj4mY9RM,"... 2026 - Chương mới của BĐVN với 'phù thủy trắng' ___ ▻Vietnam Sports - Kênh Youtube cập nhật tin tức bóng đá Việt Nam nhanh nhất, hình ảnh ..."
BẦU ĐỨC CHỈ TRÍCH TROUSSIER BẢO THỦ | PHÙ THỦY ...,https://www.youtube.com/watch?v=-fZ7HYCcCoo,BẦU ĐỨC CHỈ TRÍCH TROUSSIER BẢO THỦ | PHÙ THỦY TRẮNG CÓ XỨNG ĐÁNG DẪN ĐT VIỆT NAM ... 2026 | Đình Bắc Khiến Đối Thủ Hoang Mang Kháng Cự.
BUỔI 2 : KHÓA HỌC THIẾT LẬP MỤC TIÊU 2026,https://www.youtube.com/watch?v=zLBmTdj1YQ4,Phù Thủy Toán Học Soroban•39 views · 1:34:03 · Go to channel Cong Daniel ... Sự tích Con Ốc Sên (Cổ Tích Việt Nam) | Hẻm Cổ Tích. Hẻm Cổ ...
Sự thật phía sau “đại thanh trừng” ở Trung Quốc: Vì sao hàng ...,https://www.youtube.com/watch?v=rO_fu3q-lV0,"... 2026. Chỉ trong vòng chưa đầy 30 ngày, Bắc Kinh đã công bố điều ... Sự thật phía sau “đại thanh trừng” ở Trung Quốc: Vì sao hàng loạt ..."
Tập Điên Cuồng Trả Thù: Bãi Miễn 9 Tướng Lĩnh Cấp Cao ...,https://www.youtube.com/watch?v=SlZSxV9LNh0,"Cuối tháng 2/2026, ngay trước thềm Kỳ họp “Lưỡng hội” thường niên ... Thanh Trừng Trong Quân Đội Sắp Đến... 3.6K views · 10 days ago"
Radio thứ Ba 24/03/2026 - Vatican News Tiếng Việt,https://www.youtube.com/watch?v=yEPJark1BNA,"Go to channel Đàm Quân Sự. Live 24-03 (Sáng): Kế Ly Gián Của TT Trump Khiến Nội Bộ Iran Chia Rẽ, Thanh Trừng Lẫn Nhau? Đàm Quân Sự. New. 29K ..."
Tin Nổi Bật P1 (09-30-2025) TT Trump thực hiện kế sách ...,https://www.youtube.com/watch?v=xuorqJvBo7M,... thanh trừng đối thủ chính trị. 15K views · 5 months ago. #thoisu ... nội bộ Cộng Hoà? | 3/20/2026. officialVietFaceTV. New. 11K views · 21:50 · Go ...
Tập Cận Bình thanh trừng quân đội giữa lúc kinh tế Trung ...,https://www.youtube.com/watch?v=pbHq2fj72gE,"... bộ thời sự trên thế giới: https://www.rfi.fr/vi/ Hãy gặp nhau ... Trong bóng tối của quyền lực : Thanh trừng, hồ sơ đen và nỗi lo CIA."
"VL2-06.01: Ai nên lo lắng với “thanh trừng sắc tộc"" của ...",https://www.youtube.com/watch?v=bFBoIp8bXS8,"VL2-06.01: Ai nên lo lắng với “thanh trừng sắc tộc"" của chính quyền Trump? 2.4K views · 1 month ago ...more. TRUYEN HINH VIET NAM 1. 273K."
LIVE:3|23|2026: ĐÊM TÂM SỰ | IRAN XÁC NHẬN THIỆT ...,https://www.youtube.com/watch?v=A5DWn26mIU0,"Dr. · Live 24-03 (Sáng): Kế Ly Gián Của TT Trump Khiến Nội Bộ Iran Chia Rẽ, Thanh Trừng Lẫn Nhau? · THẢO LUẬN ĐẶC BIỆT 23/3/2026: Cali, New York ..."
Chiến tranh Trung Đông làm xáo trộn du lịch Việt Nam,https://www.youtube.com/watch?v=wPAwyL4obT8,"Như mọi năm, Hội chợ Du lịch Thế giới vừa diễn ra tại Paris từ 12/03 đến ngày 15/03/2026 ... Nội Bộ Iran Chia Rẽ, Thanh Trừng Lẫn Nhau? Đàm Quân ..."
Trung Quốc điều tra 2 Thượng tướng quân đội vì nghi ngờ vi ...,https://www.youtube.com/watch?v=QYQ2v-HSkdk,... Bộ Tham mưu Liên hợp Quân ủy Trung ương Lưu Chấn Lập đã ... TRƯƠNG HỰU HIỆP: VÌ SAO TRUNG QUỐC THANH TRỪNG VỊ TƯỚNG QUÂN ĐỘI CẤP CAO NHẤT?
#1728: TT.Trump Réo Gọi Tàu Cộng Và Nga Xô,https://www.youtube.com/watch?v=09t4s4Den5U,"Go to channel Đàm Quân Sự. Live 24-03 (Sáng): Kế Ly Gián Của TT Trump Khiến Nội Bộ Iran Chia Rẽ, Thanh Trừng Lẫn Nhau? Đàm Quân Sự. New. 81K ..."
"Đấu đá quyền lực lãnh đạo cấp cao để triệt hạ lẫn nhau, chứ ...",https://www.youtube.com/watch?v=FKQwgT5d5Uc,"Lãnh đạo cấp cao đấu đá kèn cựa, chơi đòn đánh dưới thắt lưng, cũng ... Go to channel Saigon Entertainment Television · THỜI SỰ THẾ GIỚI ..."
"Đỉnh điểm đấu đá quyền lực: VN thay ngựa giữa dòng, bất ...",https://www.youtube.com/watch?v=kscmV5U-3Hs,"Đỉnh điểm đấu đá quyền lực: VN thay ngựa giữa dòng, bất chấp thể diện quốc gia! 14K views · 1 year ago. #SBTNgo #SBTN ...more. SBTNOfficial."
"Bà Nhàn AIC, đấu đá nội bộ ĐCSVN, và chuyện nâng cấp ...",https://www.youtube.com/watch?v=SONRDtRe-uY,"... cao chạy xa bay” trước khi có lệnh bắt giữ để điều ... This content isn't available. Bà Nhàn AIC, đấu đá nội bộ ĐCSVN, và chuyện nâng cấp ..."
"Chuyên gia: Nội các Zelensky “đấu đá” nhau tan nát, khủng ...",https://www.youtube.com/watch?v=oYzrTvSWEPQ,"Điện Biên TV | Nội bộ chính phủ Ukraine đang rạn nứt nghiêm trọng khi hàng loạt quan chức cấp cao sa vào cuộc đua quyền lực, đấu đá nội bộ ..."
Nước Mỹ Rung Chuyển: Âm mưu ám sát chấn động - Iran và ...,https://www.youtube.com/watch?v=CjcFZWHj4N4,"cấp cao khác của Mỹ cũng từng nằm trong danh sách mục tiêu ... đấu đá chính trị trong nước cùng lúc bùng lên, câu hỏi lớn đang được ..."
Việt Nam đang trở nên bất ổn vì đấu đá quyền lực chưa từng có,https://www.youtube.com/watch?v=s5RJ_Hl8cuc,Việt Nam đang trở nên bất ổn vì đấu đá quyền lực chưa từng có. Phil ... Tập Cận Bình Bãi Miễn 9 Tướng Lĩnh Cấp Cao: Cuộc Đại Thanh Trừng Trong ...
Cuộc chiến quyền lực trong Đảng Cộng sản đang nóng lên!,https://www.youtube.com/watch?v=1az716GSTsc,"Video này phân tích về tình hình chính trị Việt Nam, đặc biệt là vị trí của ông Nguyễn Văn Nên trong bối cảnh cuộc đấu đá quyền lực nội bộ."
"Cảnh giác thông tin bịa đặt đấu đá nội bộ, bôi nhọ công an ...",https://www.youtube.com/watch?v=MYpvGiPiA7k,"Cảnh giác thông tin bịa đặt đấu đá nội bộ, bôi nhọ công an liên quan nhân sự cấp cao. 15 views · 1 year ago. #thanhtamonline #nhanquyenvn ..."
Đấu đá nội bộ trong cung đình CSVN: Thượng bất chính ...,https://www.youtube.com/watch?v=Wmd7ipB5KcY,"Đấu đá nội bộ trong cung đình CSVN: Thượng bất chính, hạ tất loạn! 11K views · 1 year ago ...more. TRUYEN HINH VIET NAM 1. 273K. Subscribe."
Lãnh đạo Lục-Hải-Không quân đều bị thanh trừng... Hệ ...,https://www.youtube.com/watch?v=8g1Fb8OYfso,"... cao của Lục quân, Hải quân, Không quân đều bị phế truất — Quân ... đấu đá quyền lực đẫm máu ẩn giấu trong nội bộ ĐCSTQ. 16:37 ""Kinh tế ..."
Lời Tiên Tri Mới Nhất Của Anand Về Vận Mệnh VIỆT NAM ...,https://www.youtube.com/watch?v=q9lGzB837r8,Lời Tiên Tri Mới Nhất Của Anand Về Vận Mệnh VIỆT NAM Năm 2026 Việt Nam sẽ đứng vững hay bị cuốn vào vòng xoáy bất ổn toàn cầu?
SỰ THẬT Sấm Trạng Trình : Kinh Hoàng Vận Mệnh Việt Nam,https://www.youtube.com/watch?v=ptMN-c6MKQE,Giải mã bí ẩn Sấm Trạng Trình và những dự báo chấn động về Vận mệnh Việt Nam trong giai đoạn biến động sắp tới ... năm 2026 và tương lai đất nước?
Tuổi Thân 2026: Sự Thật Gây Sốc Về Vận Mệnh Năm Nay ...,https://www.youtube.com/watch?v=90XuFr4Yg5g,Tuổi Thân 2026: Sự Thật Gây Sốc Về Vận Mệnh Năm Nay! Bạn Sẽ Không Tin! | HT. Thích Pháp Hòa - Khám phá sự thật gây sốc về vận mệnh tuổi Thân ...
"Lời Tiên Tri 500 Năm Ứng Nghiệm Vận Mệnh Việt Nam, Rồng ...",https://www.youtube.com/watch?v=iN_dWfwFa_k,về vận mệnh Việt Nam có thực sự ứng nghiệm hoàn toàn vào giai đoạn ... Go to channel TIN NHANH 24H · Tin tức Việt Nam mới nhất ngày 18/3/2026 Tin ...
"Kỷ Nguyên Vươn Mình: Vận Mệnh Việt Nam Đang Ở ""Điểm ...",https://www.youtube.com/watch?v=pTDFrpL_74k,"Kỷ Nguyên Vươn Mình: Vận Mệnh Việt Nam Đang Ở ""Điểm Giao"" Định Mệnh ... Theo bạn, Việt Nam có thực sự hóa rồng vào năm 2026? Hãy để ..."
Lời Tiên Tri 1959 Đã Ứng Nghiệm! Đại Hạn 2026 Định Đoạt ...,https://www.youtube.com/watch?v=blNE6qFIQ7w,"... vận mệnh người Việt trong 5 năm tới, kết hợp giữa bức tranh kinh tế vĩ mô toàn cầu, sự dịch chuyển quyền lực và linh khí phong thủy của ..."
Sấm Trạng Trình tiên tri vận mệnh 2026 quá thảm khốc theo ...,https://www.youtube.com/watch?v=SifaC3mh-Ww,... #samtruyen. Sấm Trạng Trình tiên tri vận mệnh 2026 quá thảm khốc theo lời sấm. 607 views · 12 days ago. VIỆT NAM ...more. Fate & Destiny. 12.7K.
Hé Lộ Vận Mệnh Tuổi Mậu Thân 1968 Sau Năm 2026: Hậu ...,https://www.youtube.com/watch?v=x9SudmQvGyA,"Hé Lộ Vận Mệnh Tuổi Mậu Thân 1968 Sau Năm 2026: Hậu Vận An Nhàn, Phú Quý Tột Đỉnh, Tiền Vàng Đầy Két."
Horoscope for the Year of the Rabbit 2026: A Year of Many ...,https://www.youtube.com/watch?v=BvgjV-Mj0S4,Hồn Sử Đại Việt and 3 more•685K views · 14:04. Go to channel Thương ... Năm 2026 Và Vận Mệnh Nhà Trắng. MẬT MÃ TV. New. 6K views · 27:13. Go to ...
Cảnh Báo 2026: Thế Chiến 3 Lan Rộng? Vanga Tiên Tri ...,https://www.youtube.com/watch?v=ZBc0lIn_fPk,"... vận mệnh 60 năm sẽ ứng nghiệm như thế nào? Video này sẽ bóc tách toàn bộ thiên cơ, giúp bà con nhìn thấu những cảnh báo 2026, từ đó biết ..."
Cổ tích 3D tết Việt Nam 2026 - PHÙ THỦY DỤ DỖ - Bài học ...,https://www.youtube.com/watch?v=2cbmlUoYDXI,Cổ tích 3D tết Việt Nam 2026 - PHÙ THỦY DỤ DỖ - Bài học cuộc sống - Cổ tích sự tích Việt 2026 Truyện cổ tích 3D là những câu chuyện được ...
Bí Thuật Của Việt Nam THUẬT PHÙ THỦY,https://www.youtube.com/watch?v=t-wJZExbhO4,Bí Thuật Của Việt Nam: THUẬT PHÙ THỦY. ☆ Subscribe Đảo Kinh Dị ... Lời sấm vận đáng sợ của Baba Vanga về ông Putin và Trump năm 2026 đang dần ...
Lê Minh Hưng hay Trần Lưu Quang: Ai sẽ là Tân Thủ tướng ...,https://www.youtube.com/watch?v=F2J3Ab_-otc,"... Phù thủy tài chính"" với tư duy kỹ trị bài bản và Ông Trần Lưu Quang ... Điều này chính thức xác nhận Việt Nam sẽ đón chào một vị Tân ..."
A928 - BÁC SĨ TRẦN BỊT MIỆNG 3 CHA CON ÔNG THẦY ...,https://www.youtube.com/watch?v=JmgYtXVFdds,A928 - BÁC SĨ TRẦN BỊT MIỆNG 3 CHA CON ÔNG THẦY PHÙ THỦY. 11K views ... Tin Nổi Bật (03-13-2026) ᴄʜɪếɴ ᴛʀᴀɴʜ Iran đi về đâu và Việt Nam bị ảnh ...
Horoscope for the Year of the Dragon 2026: The Heavenly ...,https://www.youtube.com/watch?v=etVW-hd4zks,Go to channel Vận Mệnh Tài Lộc · Chúc mừng Tuổi Bính Thìn 1976 - Năm ... VIỆT NAM CHỈ VÌ... Tâm Sự Việt Kiều•15K views.
"Tiên Tri 2026 Chấn Động: Phương Bắc Đại Loạn, Việt Nam ...",https://www.youtube.com/watch?v=xfIzmKPGMCY,"... Việt Nam 2026,Quỷ vương phương bắc sụp đổ,Việt Nam xuất thánh nhân,Thánh nhân cứu thế,Vận mệnh Việt Nam 2026,Giải mã sấm trạng,Tiên tri ..."
RÙNG MÌNH 2026: SẤM TRẠNG 500 NĂM ỨNG NGHIỆM ...,https://www.youtube.com/watch?v=_1-9ZjauyeE,"Đúng năm 2026 Bính Ngọ, lời sấm truyền 500 năm của Trạng Trình Nguyễn Bỉnh Khiêm về vận mệnh Việt Nam đang ứng nghiệm từng milimet. Liệu đất"
2025-2026 -Cánh cửa cuối cùng trước khi VẬN MỆNH niêm ...,https://www.youtube.com/watch?v=O3O88QkoxPI,This content isn't available. 2025-2026 -Cánh cửa cuối cùng trước khi VẬN MỆNH niêm lại- theo Cửu Vận Tam Nguyên -Phong thủy. 27K views · 10 ...
"Tuổi Ngọ năm 2026: Biến động công việc, tình cảm có ổn định ...",https://www.youtube.com/watch?v=ERXccufn0Ec,Vietnam Plus | Năm Bính Ngọ 2026 được xem là năm tuổi của ... Go to channel Vận Mệnh Tài Lộc · Chúc mừng Tuổi Bính Ngọ 1966 Năm 2026 ...
"Vận mệnh tuổi Tý năm 2026: Sự nghiệp khó khăn, tình duyên ...",https://www.youtube.com/watch?v=pwG93YqMHV8,"Vấn đề hôm nay | Vận mệnh tuổi Tý năm 2026: Sự nghiệp khó khăn, tình ... việt nam hôm nay, tin trong nước, tin tức trong nước mới nhất ..."
Sấm Truyền Bính Ngọ 2026: Vanga và Trạng Trình Đã Nhìn ...,https://www.youtube.com/watch?v=-WSeyh1NCgk,"Sấm Truyền Bính Ngọ 2026: Vanga và Trạng Trình Đã Nhìn Thấy ""Thiên Cơ"" Gì Về Vận Mệnh Việt Nam? 2.3K views · 12 days ago. #TienTri2026 ..."
Anand tiên tri: Vì sao Việt Nam trở thành 'Trái Tim Châu Á ...,https://www.youtube.com/watch?v=Dnoimkd4EIM,... Việt Nam được gọi là 'Trái Tim Châu Á' năm 2026? Từ vị trí địa chính ... Lời Tiên Tri Mới Nhất Của Anand Về Vận Mệnh Trung Quốc 2026 là gì?
"Sấm Trạng Trình Năm 2026: Lửa Cháy Nam Quốc, Nước ...",https://www.youtube.com/watch?v=dv5v0GJdwdk,", liệu đã nhìn thấy trước vận mệnh của năm Bính Ngọ 2026? ""Lửa cháy ... Go to channel Minh Tuệ Audio · Sấm Trạng Trình Đã Ứng Nghiệm? Việt Nam Là ..."
Điểm nóng quốc tế: Ông Trump dọa mạnh tay với các cá nhân ...,https://www.youtube.com/watch?v=N2ZXxHrcofQ,... cao tốc làm đường băng cho F-16 để 'né đòn' Nga Những nội ... đấu đá nội bộ cùng lúc bủa vây ông Trump. Truyền Hình Hà Tĩnh. New. 5.8 ...
THẾ GIỚI 360° | Ai sẽ ngồi ghế tổng thống Ukraine khi cuộc ...,https://www.youtube.com/watch?v=VqRJVlFynic,"... sự, văn hóa, du lịch, khám phá, ẩm thực,… ❤ Cảm ơn quý vị và ... đấu đá” chính trị sôi động trở lại? 63K views · 5 months ago. #thoisu ..."
Không lối thoát - Tập 23[5]: Minh và Khiêm đấu đá giành vị trí ...,https://www.youtube.com/watch?v=r7A-qzGpVhs,/ vinhlongtv. Không lối thoát - Tập 23[5]: Minh và Khiêm đấu đá giành vị trí phó giám đốc bệnh viện. 53K views · 6 years ago. #KhôngLốiThoát ...
Lá đơn tố cáo khiến hàng loạt cán bộ cấp cao 'nhúng chàm ...,https://www.youtube.com/watch?v=94DsiEUEk78,"Theo cáo trạng, vì lợi ích cá nhân, cựu Bí thư Bến Tre Lê Đức ... đấu đá' sau 13 năm tranh chấp với Thúy Vinh | SKĐS https://youtu.be ..."
Tập Cận Bình Giữa Vòng Xoáy Thanh Trừng Và Chống ...,https://www.youtube.com/watch?v=9PAEyFacdYo,"... sự biến mất của các nhân vật cấp cao như Tần Cương và Lý Thượng Phúc, cho đến cuộc đấu đá quyền lực âm thầm trong Trung Nam Hải. Chúng tôi ..."
Không thể bóp méo sự thật về công tác nhân sự của Đảng và ...,https://www.youtube.com/watch?v=G1SLomvvRvU,... sự dàn dựng nào như lời vu khống của Tri Nguyen Ông Tám và đồng bọn. Khi những kẻ như Tri Nguyen Ông Tám cố tình bóp méo cuộc chiến đó thành “đấu đá nội bộ ...
Từ mỉa mai quê quán đến ngụy tạo phe cánh,https://www.youtube.com/watch?v=Msdg0IyMEDs,"... nhân sự cấp cao được “sắp xếp theo quê quán”. Đây không chỉ là ... đấu đá nội bộ gay gắt, chưa ngã ngũ”; Bài thứ ba quay sang nhận định ..."
Tin Nóng Nước Mỹ: Ông Trump '1 mũi tên trúng 2 đích ...,https://www.youtube.com/watch?v=gyzOtqmQJnM,... cấp y tế. Nhiều nhà phân tích cho rằng đây là “nước cờ 1 mũi ... đấu đá! 7.9K views · Streamed 4 months ago. #nuocmy #chiensutrungdong ...
